1,"[""Pusher"",""Burst Damage"",""Debuff""]","[""Top"",""Mid""]",Aatrox,http://ddragon.leagueoflegends.com/cdn/10.22.1/img/champion/Aatrox.png,49.53,nan,51.29,nan,nan,49.53,54.48,49.53,54.48,54.48,nan,nan,nan,nan,nan,51.29,56.42,51.29,56.42,56.42,nan,nan,nan,nan,nan,nan,nan,nan,nan,nan
2,"[""Hard Engage"",""Burst Damage""]","[""Mid""]",Ahri,http://ddragon.leagueoflegends.com/cdn/10.22.1/img/champion/Ahri.png,nan,nan,52.34,nan,nan,nan,nan,nan,nan,nan,nan,nan,nan,nan,nan,52.34,57.57,52.34,57.57,52.34,nan,nan,nan,nan,nan,nan,nan,nan,nan,nan
3,"[""Burst Damage"",""Flank""]","[""Top"",""Mid""]",Akali,http://ddragon.leagueoflegends.com/cdn/10.22.1/img/champion/Akali.png,47.35,nan,47.1,nan,nan,47.35,47.35,47.35,56.82,47.35,nan,nan,nan,nan,nan,47.10,47.10,47.10,56.52,47.10,nan,nan,nan,nan,nan,nan,nan,nan,nan,nan
4,"[""Hard Engage"",""Debuff"",""Disengage""]","[""Support""]",Alistar,http://ddragon.leagueoflegends.com/cdn/10.22.1/img/champion/Alistar.png,nan,nan,nan,nan,52.27,nan,nan,nan,nan,nan,nan,nan,nan,nan,nan,nan,nan,nan,nan,nan,nan,nan,nan,nan,nan,52.27,62.72,57.50,52.27,57.50
5,"[""Hard Engage"",""Debuff"",""Area of Effect"",""Waveclear""]","[""Jungler""]",Amumu,http://ddragon.leagueoflegends.com/cdn/10.22.1/img/champion/Amumu.png,nan,52.69,nan,nan,nan,nan,nan,nan,nan,nan,57.96,63.23,52.69,52.69,57.96,nan,nan,nan,nan,nan,nan,nan,nan,nan,nan,nan,nan,nan,nan,nan
6,"[""Waveclear"",""Debuff"",""Disengage"",""Area of Effect""]","[""Mid""]",Anivia,http://ddragon.leagueoflegends.com/cdn/10.22.1/img/champion/Anivia.png,nan,nan,50.89,nan,nan,nan,nan,nan,nan,nan,nan,nan,nan,nan,nan,55.98,55.98,55.98,50.89,61.07,nan,nan,nan,nan,nan,nan,nan,nan,nan,nan
7,"[""Hard Engage"",""Debuff"",""Burst Damage"",""Area of Effect""]","[""Mid"",""Support""]",Annie,http://ddragon.leagueoflegends.com/cdn/10.22.1/img/champion/Annie.png,nan,nan,53.95,nan,51.99,nan,nan,nan,nan,nan,nan,nan,nan,nan,nan,59.35,64.74,53.95,59.35,53.95,nan,nan,nan,nan,nan,57.19,62.39,51.99,57.19,51.99
8,"[""Waveclear"",""Debuff"",""Area of Effect""]","[""Carry""]",Aphelios,http://ddragon.leagueoflegends.com/cdn/10.22.1/img/champion/Aphelios.png,nan,nan,nan,48.33,nan,nan,nan,nan,nan,nan,nan,nan,nan,nan,nan,nan,nan,nan,nan,nan,53.16,53.16,48.33,48.33,53.16,nan,nan,nan,nan,nan
9,"[""Hard Engage"",""Debuff""]","[""Carry""]",Ashe,http://ddragon.leagueoflegends.com/cdn/10.22.1/img/champion/Ashe.png,nan,nan,nan,51.01,nan,nan,nan,nan,nan,nan,nan,nan,nan,nan,nan,nan,nan,nan,nan,nan,51.01,61.21,51.01,51.01,51.01,nan,nan,nan,nan,nan
10,"[""Disengage"",""Hard Engage"",""Debuff"",""Area of Effect"",""Waveclear"",""Pusher""]","[""Mid""]",Aurelion Sol,http://ddragon.leagueoflegends.com/cdn/10.22.1/img/champion/AurelionSol.png,nan,nan,51.32,nan,nan,nan,nan,nan,nan,nan,nan,nan,nan,nan,nan,56.45,61.58,56.45,51.32,66.72,nan,nan,nan,nan,nan,nan,nan,nan,nan,nan
11,"[""Disengage"",""Debuff"",""Waveclear"",""Area of Effect"",""Poke""]","[""Mid""]",Azir,http://ddragon.leagueoflegends.com/cdn/10.22.1/img/champion/Azir.png,nan,nan,47.3,nan,nan,nan,nan,nan,nan,nan,nan,nan,nan,nan,nan,52.03,52.03,56.76,47.30,56.76,nan,nan,nan,nan,nan,nan,nan,nan,nan,nan
12,"[""Disengage"",""Hard Engage"",""Debuff""]","[""Support""]",Bard,http://ddragon.leagueoflegends.com/cdn/10.22.1/img/champion/Bard.png,nan,nan,nan,nan,52.3,nan,nan,nan,nan,nan,nan,nan,nan,nan,nan,nan,nan,nan,nan,nan,nan,nan,nan,nan,nan,52.30,62.76,57.53,52.30,57.53
13,"[""Hard Engage"",""Debuff""]","[""Support""]",Blitzcrank,http://ddragon.leagueoflegends.com/cdn/10.22.1/img/champion/Blitzcrank.png,nan,nan,nan,nan,50.08,nan,nan,nan,nan,nan,nan,nan,nan,nan,nan,nan,nan,nan,nan,nan,nan,nan,nan,nan,nan,50.08,60.10,50.08,50.08,50.08
14,"[""Burst Damage"",""Debuff"",""Area of Effect""]","[""Mid"",""Support""]",Brand,http://ddragon.leagueoflegends.com/cdn/10.22.1/img/champion/Brand.png,nan,nan,51.65,nan,50.5,nan,nan,nan,nan,nan,nan,nan,nan,nan,nan,56.82,56.82,51.65,56.82,51.65,nan,nan,nan,nan,nan,55.55,55.55,50.50,55.55,50.50
15,"[""Hard Engage"",""Disengage"",""Debuff""]","[""Support""]",Braum,http://ddragon.leagueoflegends.com/cdn/10.22.1/img/champion/Braum.png,nan,nan,nan,nan,50.21,nan,nan,nan,nan,nan,nan,nan,nan,nan,nan,nan,nan,nan,nan,nan,nan,nan,nan,nan,nan,50.21,60.25,55.23,50.21,55.23
16,"[""Waveclear"",""Debuff""]","[""Carry""]",Caitlyn,http://ddragon.leagueoflegends.com/cdn/10.22.1/img/champion/Caitlyn.png,nan,nan,nan,48.84,nan,nan,nan,nan,nan,nan,nan,nan,nan,nan,nan,nan,nan,nan,nan,nan,48.84,53.72,48.84,48.84,53.72,nan,nan,nan,nan,nan
17,"[""Hard Engage"",""Debuff"",""Pusher""]","[""Top"",""Mid""]",Camille,http://ddragon.leagueoflegends.com/cdn/10.22.1/img/champion/Camille.png,50.9,nan,53.01,nan,nan,50.90,61.08,50.90,50.90,55.99,nan,nan,nan,nan,nan,53.01,63.61,53.01,53.01,58.31,nan,nan,nan,nan,nan,nan,nan,nan,nan,nan
18,"[""Waveclear"",""Debuff"",""Burst Damage"",""Disengage""]","[""Top"",""Mid"",""Carry""]",Cassiopeia,http://ddragon.leagueoflegends.com/cdn/10.22.1/img/champion/Cassiopeia.png,54.22,nan,52.49,50.7,nan,54.22,59.64,59.64,59.64,65.06,nan,nan,nan,nan,nan,52.49,57.74,57.74,57.74,62.99,50.70,55.77,55.77,55.77,60.84,nan,nan,nan,nan,nan
19,"[""Debuff"",""Area of Effect"",""Pusher""]",[],Cho'Gath,http://ddragon.leagueoflegends.com/cdn/10.22.1/img/champion/Chogath.png,nan,nan,nan,nan,nan,nan,nan,nan,nan,nan,nan,nan,nan,nan,nan,nan,nan,nan,nan,nan,nan,nan,nan,nan,nan,nan,nan,nan,nan,nan
20,"[""Poke"",""Waveclear""]",[],Corki,http://ddragon.leagueoflegends.com/cdn/10.22.1/img/champion/Corki.png,nan,nan,nan,nan,nan,nan,nan,nan,nan,nan,nan,nan,nan,nan,nan,nan,nan,nan,nan,nan,nan,nan,nan,nan,nan,nan,nan,nan,nan,nan
21,"[""Pusher"",""Debuff""]","[""Top""]",Darius,http://ddragon.leagueoflegends.com/cdn/10.22.1/img/champion/Darius.png,50.45,nan,nan,nan,nan,50.45,55.50,50.45,50.45,55.50,nan,nan,nan,nan,nan,nan,nan,nan,nan,nan,nan,nan,nan,nan,nan,nan,nan,nan,nan,nan
22,"[""Debuff"",""Hard Engage"",""Waveclear"",""Pusher"",""Flank""]","[""Mid""]",Diana,http://ddragon.leagueoflegends.com/cdn/10.22.1/img/champion/Diana.png,nan,nan,51.05,nan,nan,nan,nan,nan,nan,nan,nan,nan,nan,nan,nan,51.05,61.26,51.05,56.16,61.26,nan,nan,nan,nan,nan,nan,nan,nan,nan,nan
23,"[""Pusher""]","[""Jungler""]",Dr Mundo,http://ddragon.leagueoflegends.com/cdn/10.22.1/img/champion/DrMundo.png,nan,52.4,nan,nan,nan,nan,nan,nan,nan,nan,52.40,52.40,52.40,52.40,57.64,nan,nan,nan,nan,nan,nan,nan,nan,nan,nan,nan,nan,nan,nan,nan
24,"[""Burst Damage""]","[""Carry""]",Draven,http://ddragon.leagueoflegends.com/cdn/10.22.1/img/champion/Draven.png,nan,nan,nan,51.01,nan,nan,nan,nan,nan,nan,nan,nan,nan,nan,nan,nan,nan,nan,nan,nan,51.01,51.01,51.01,56.11,51.01,nan,nan,nan,nan,nan
25,"[""Waveclear"",""Debuff"",""Area of Effect"",""Burst Damage"",""Flank""]","[""Mid"",""Jungler""]",Ekko,http://ddragon.leagueoflegends.com/cdn/10.22.1/img/champion/Ekko.png,nan,50.17,49.91,nan,nan,nan,nan,nan,nan,nan,55.19,55.19,50.17,60.20,55.19,54.90,54.90,49.91,59.89,54.90,nan,nan,nan,nan,nan,nan,nan,nan,nan,nan
26,"[""Burst Damage"",""Flank""]","[""Jungler""]",Elise,http://ddragon.leagueoflegends.com/cdn/10.22.1/img/champion/Elise.png,nan,50.42,nan,nan,nan,nan,nan,nan,nan,nan,50.42,50.42,50.42,60.50,50.42,nan,nan,nan,nan,nan,nan,nan,nan,nan,nan,nan,nan,nan,nan,nan
27,"[""Burst Damage"",""Flank""]","[""Jungler""]",Evelynn,http://ddragon.leagueoflegends.com/cdn/10.22.1/img/champion/Evelynn.png,nan,50.42,nan,nan,nan,nan,nan,nan,nan,nan,50.42,50.42,50.42,60.50,50.42,nan,nan,nan,nan,nan,nan,nan,nan,nan,nan,nan,nan,nan,nan,nan
28,"[""Poke""]","[""Carry""]",Ezreal,http://ddragon.leagueoflegends.com/cdn/10.22.1/img/champion/Ezreal.png,nan,nan,nan,50.07,nan,nan,nan,nan,nan,nan,nan,nan,nan,nan,nan,nan,nan,nan,nan,nan,50.07,50.07,55.08,50.07,50.07,nan,nan,nan,nan,nan
29,"[""Hard Engage"",""Debuff"",""Area of Effect"",""Flank""]","[""Jungler""]",Fiddlesticks,http://ddragon.leagueoflegends.com/cdn/10.22.1/img/champion/Fiddlesticks.png,nan,52.84,nan,nan,nan,nan,nan,nan,nan,nan,58.12,63.41,52.84,58.12,52.84,nan,nan,nan,nan,nan,nan,nan,nan,nan,nan,nan,nan,nan,nan,nan
30,"[""Pusher"",""Burst Damage""]","[""Top""]",Fiora,http://ddragon.leagueoflegends.com/cdn/10.22.1/img/champion/Fiora.png,51.13,nan,nan,nan,nan,51.13,51.13,51.13,56.24,56.24,nan,nan,nan,nan,nan,nan,nan,nan,nan,nan,nan,nan,nan,nan,nan,nan,nan,nan,nan,nan
31,"[""Burst Damage"",""Flank"",""Pusher""]","[""Mid""]",Fizz,http://ddragon.leagueoflegends.com/cdn/10.22.1/img/champion/Fizz.png,nan,nan,51.67,nan,nan,nan,nan,nan,nan,nan,nan,nan,nan,nan,nan,51.67,51.67,51.67,62.00,56.84,nan,nan,nan,nan,nan,nan,nan,nan,nan,nan
32,"[""Hard Engage"",""Debuff"",""Area of Effect""]","[""Support"",""Mid""]",Galio,http://ddragon.leagueoflegends.com/cdn/10.22.1/img/champion/Galio.png,nan,nan,52.78,nan,51.88,nan,nan,nan,nan,nan,nan,nan,nan,nan,nan,58.06,63.34,52.78,52.78,52.78,nan,nan,nan,nan,nan,57.07,62.26,51.88,51.88,51.88
33,"[""Burst Damage"",""Waveclear""]","[""Top""]",Gangplank,http://ddragon.leagueoflegends.com/cdn/10.22.1/img/champion/Gangplank.png,47.96,nan,nan,nan,nan,47.96,47.96,47.96,52.76,52.76,nan,nan,nan,nan,nan,nan,nan,nan,nan,nan,nan,nan,nan,nan,nan,nan,nan,nan,nan,nan
34,"[""Pusher"",""Waveclear""]","[""Top"",""Mid""]",Garen,http://ddragon.leagueoflegends.com/cdn/10.22.1/img/champion/Garen.png,50.09,nan,51.66,nan,nan,50.09,50.09,50.09,50.09,60.11,nan,nan,nan,nan,nan,51.66,51.66,51.66,51.66,61.99,nan,nan,nan,nan,nan,nan,nan,nan,nan,nan
35,"[""Pusher"",""Hard Engage"",""Debuff"",""Area of Effect""]","[""Top""]",Gnar,http://ddragon.leagueoflegends.com/cdn/10.22.1/img/champion/Gnar.png,49.15,nan,nan,nan,nan,54.07,58.98,49.15,49.15,54.07,nan,nan,nan,nan,nan,nan,nan,nan,nan,nan,nan,nan,nan,nan,nan,nan,nan,nan,nan,nan
36,"[""Hard Engage"",""Disengage"",""Area of Effect"",""Debuff""]","[""Jungler""]",Gragas,http://ddragon.leagueoflegends.com/cdn/10.22.1/img/champion/Gragas.png,nan,48.38,nan,nan,nan,nan,nan,nan,nan,nan,53.22,58.06,53.22,48.38,53.22,nan,nan,nan,nan,nan,nan,nan,nan,nan,nan,nan,nan,nan,nan,nan
37,"[""Flank""]","[""Jungler""]",Graves,http://ddragon.leagueoflegends.com/cdn/10.22.1/img/champion/Graves.png,nan,49.34,nan,nan,nan,nan,nan,nan,nan,nan,49.34,49.34,49.34,54.27,49.34,nan,nan,nan,nan,nan,nan,nan,nan,nan,nan,nan,nan,nan,nan,nan
38,"[""Waveclear"",""Hard Engage"",""Debuff""]","[""Top"",""Jungler""]",Hecarim,http://ddragon.leagueoflegends.com/cdn/10.22.1/img/champion/Hecarim.png,51.24,50.77,nan,nan,nan,51.24,61.49,51.24,51.24,56.36,50.77,60.92,50.77,50.77,55.85,nan,nan,nan,nan,nan,nan,nan,nan,nan,nan,nan,nan,nan,nan,nan
39,"[""Poke"",""Debuff"",""Area of Effect"",""Pusher""]","[""Top"",""Mid"", ""Carry""]",Heimerdinger,http://ddragon.leagueoflegends.com/cdn/10.22.1/img/champion/Heimerdinger.png,50.23,nan,50.0,48.05,nan,55.25,55.25,55.25,50.23,55.25,nan,nan,nan,nan,nan,55.00,55.00,55.00,50.00,55.00,52.86,52.86,52.86,48.05,52.86,nan,nan,nan,nan,nan
40,"[""Waveclear"",""Area of Effect"",""Pusher""]","[""Top""]",Illaoi,http://ddragon.leagueoflegends.com/cdn/10.22.1/img/champion/Illaoi.png,49.83,nan,nan,nan,nan,54.81,49.83,49.83,49.83,59.80,nan,nan,nan,nan,nan,nan,nan,nan,nan,nan,nan,nan,nan,nan,nan,nan,nan,nan,nan,nan
41,"[""Waveclear"",""Pusher"",""Hard Engage"",""Debuff"",""Flank"",""Burst Damage""]","[""Top"", ""Mid""]",Irelia,http://ddragon.leagueoflegends.com/cdn/10.22.1/img/champion/Irelia.png,48.31,nan,46.94,nan,nan,48.31,57.97,48.31,57.97,57.97,nan,nan,nan,nan,nan,46.94,56.33,46.94,56.33,56.33,nan,nan,nan,nan,nan,nan,nan,nan,nan,nan
42,"[""Hard Engage"",""Debuff""]","[""Jungler""]",Ivern,http://ddragon.leagueoflegends.com/cdn/10.22.1/img/champion/Ivern.png,nan,52.45,nan,nan,nan,nan,nan,nan,nan,nan,52.45,62.94,52.45,52.45,52.45,nan,nan,nan,nan,nan,nan,nan,nan,nan,nan,nan,nan,nan,nan,nan
43,"[""Disengage"",""Debuff""]","[""Support""]",Janna,http://ddragon.leagueoflegends.com/cdn/10.22.1/img/champion/Janna.png,nan,nan,nan,nan,51.91,nan,nan,nan,nan,nan,nan,nan,nan,nan,nan,nan,nan,nan,nan,nan,nan,nan,nan,nan,nan,51.91,57.10,57.10,51.91,57.10
44,"[""Hard Engage"",""Debuff"",""Area of Effect"", ""Disengage""]","[""Jungler""]",Jarvan IV,http://ddragon.leagueoflegends.com/cdn/10.22.1/img/champion/JarvanIV.png,nan,49.05,nan,nan,nan,nan,nan,nan,nan,nan,53.95,58.86,53.95,49.05,53.95,nan,nan,nan,nan,nan,nan,nan,nan,nan,nan,nan,nan,nan,nan,nan
45,"[""Pusher"",""Debuff"",""Hard Engage"",""Burst Damage""]","[""Top"",""Jungler""]",Jax,http://ddragon.leagueoflegends.com/cdn/10.22.1/img/champion/Jax.png,50.33,51.19,nan,nan,nan,50.33,60.40,50.33,55.36,55.36,51.19,61.43,51.19,56.31,56.31,nan,nan,nan,nan,nan,nan,nan,nan,nan,nan,nan,nan,nan,nan,nan
46,"[""Poke"",""Pusher""]","[""Top"",""Mid""]",Jayce,http://ddragon.leagueoflegends.com/cdn/10.22.1/img/champion/Jayce.png,47.64,nan,48.14,nan,nan,47.64,47.64,52.40,47.64,52.40,nan,nan,nan,nan,nan,48.14,48.14,52.95,48.14,52.95,nan,nan,nan,nan,nan,nan,nan,nan,nan,nan
47,"[""""]","[""Carry""]",Jhin,http://ddragon.leagueoflegends.com/cdn/10.22.1/img/champion/Jhin.png,nan,nan,nan,51.05,nan,nan,nan,nan,nan,nan,nan,nan,nan,nan,nan,nan,nan,nan,nan,nan,51.05,51.05,51.05,51.05,51.05,nan,nan,nan,nan,nan
48,"[""Waveclear""]","[""Carry""]",Jinx,http://ddragon.leagueoflegends.com/cdn/10.22.1/img/champion/Jinx.png,nan,nan,nan,51.15,nan,nan,nan,nan,nan,nan,nan,nan,nan,nan,nan,nan,nan,nan,nan,nan,51.15,51.15,51.15,51.15,56.27,nan,nan,nan,nan,nan
49,"[""""]","[""Carry""]",Kai'Sa,http://ddragon.leagueoflegends.com/cdn/10.22.1/img/champion/Kaisa.png,nan,nan,nan,48.41,nan,nan,nan,nan,nan,nan,nan,nan,nan,nan,nan,nan,nan,nan,nan,nan,48.41,48.41,48.41,48.41,48.41,nan,nan,nan,nan,nan
50,"[""Hard Engage"",""Debuff"",""Disengage""]","[""Carry""]",Kalista,http://ddragon.leagueoflegends.com/cdn/10.22.1/img/champion/Kalista.png,nan,nan,nan,48.08,nan,nan,nan,nan,nan,nan,nan,nan,nan,nan,nan,nan,nan,nan,nan,nan,48.08,57.70,52.89,48.08,52.89,nan,nan,nan,nan,nan
51,"[""Poke"",""Area of Effect"",""Pusher""]","[""Support""]",Karma,http://ddragon.leagueoflegends.com/cdn/10.22.1/img/champion/Karma.png,nan,nan,nan,nan,48.16,nan,nan,nan,nan,nan,nan,nan,nan,nan,nan,nan,nan,nan,nan,nan,nan,nan,nan,nan,nan,52.98,48.16,52.98,48.16,52.98
52,"[""Poke"",""Waveclear"",""Area of Effect"",""Burst Damage""]","[""Jungler""]",Karthus,http://ddragon.leagueoflegends.com/cdn/10.22.1/img/champion/Karthus.png,nan,52.85,nan,nan,nan,nan,nan,nan,nan,nan,58.14,52.85,58.14,58.14,58.14,nan,nan,nan,nan,nan,nan,nan,nan,nan,nan,nan,nan,nan,nan,nan
53,"[""Burst Damage"",""Pusher""]","[""Mid""]",Kassadin,http://ddragon.leagueoflegends.com/cdn/10.22.1/img/champion/Kassadin.png,nan,nan,50.53,nan,nan,nan,nan,nan,nan,nan,nan,nan,nan,nan,nan,50.53,50.53,50.53,55.58,55.58,nan,nan,nan,nan,nan,nan,nan,nan,nan,nan
54,"[""Waveclear"",""Area of Effect"",""Burst Damage""]","[""Mid""]",Katarina,http://ddragon.leagueoflegends.com/cdn/10.22.1/img/champion/Katarina.png,nan,nan,50.04,nan,nan,nan,nan,nan,nan,nan,nan,nan,nan,nan,nan,55.04,50.04,50.04,55.04,55.04,nan,nan,nan,nan,nan,nan,nan,nan,nan,nan
55,"[""Waveclear"",""Area of Effect"",""Pusher""]","[""Top""]",Kayle,http://ddragon.leagueoflegends.com/cdn/10.22.1/img/champion/Kayle.png,50.63,nan,nan,nan,nan,55.69,50.63,50.63,50.63,60.76,nan,nan,nan,nan,nan,nan,nan,nan,nan,nan,nan,nan,nan,nan,nan,nan,nan,nan,nan,nan
56,"[""Debuff"",""Burst Damage"",""Pusher"",""Flank"",""Waveclear""]","[""Jungler""]",Kayn,http://ddragon.leagueoflegends.com/cdn/10.22.1/img/champion/Kayn.png,nan,51.24,nan,nan,nan,nan,nan,nan,nan,nan,51.24,56.36,51.24,61.49,61.49,nan,nan,nan,nan,nan,nan,nan,nan,nan,nan,nan,nan,nan,nan,nan
57,"[""Hard Engage"",""Debuff"",""Area of Effect"",""Pusher"",""Waveclear""]","[""Top""]",Kennen,http://ddragon.leagueoflegends.com/cdn/10.22.1/img/champion/Kennen.png,48.48,nan,nan,nan,nan,53.33,58.18,48.48,48.48,58.18,nan,nan,nan,nan,nan,nan,nan,nan,nan,nan,nan,nan,nan,nan,nan,nan,nan,nan,nan,nan
58,"[""Burst Damage"",""Flank""]","[""Jungler""]",Kha'Zix,http://ddragon.leagueoflegends.com/cdn/10.22.1/img/champion/Khazix.png,nan,52.08,nan,nan,nan,nan,nan,nan,nan,nan,52.08,52.08,52.08,62.50,52.08,nan,nan,nan,nan,nan,nan,nan,nan,nan,nan,nan,nan,nan,nan,nan
59,"[""Waveclear"",""Disengage"",""Debuff"",""Flank""]","[""Jungler""]",Kindred,http://ddragon.leagueoflegends.com/cdn/10.22.1/img/champion/Kindred.png,nan,48.53,nan,nan,nan,nan,nan,nan,nan,nan,48.53,53.38,53.38,53.38,58.24,nan,nan,nan,nan,nan,nan,nan,nan,nan,nan,nan,nan,nan,nan,nan
60,"[""Hard Engage"",""Debuff"",""Pusher"",""Waveclear""]","[""Top""]",Kled,http://ddragon.leagueoflegends.com/cdn/10.22.1/img/champion/Kled.png,50.64,nan,nan,nan,nan,50.64,60.77,50.64,50.64,60.77,nan,nan,nan,nan,nan,nan,nan,nan,nan,nan,nan,nan,nan,nan,nan,nan,nan,nan,nan,nan
61,"[""Burst Damage""]","[""Carry""]",Kog'Maw,http://ddragon.leagueoflegends.com/cdn/10.22.1/img/champion/KogMaw.png,nan,nan,nan,48.13,nan,nan,nan,nan,nan,nan,nan,nan,nan,nan,nan,nan,nan,nan,nan,nan,48.13,48.13,48.13,52.94,48.13,nan,nan,nan,nan,nan
62,"[""Flank"",""Burst Damage"",""Pusher""]","[""Mid""]",LeBlanc,http://ddragon.leagueoflegends.com/cdn/10.22.1/img/champion/Leblanc.png,nan,nan,48.33,nan,nan,nan,nan,nan,nan,nan,nan,nan,nan,nan,nan,48.33,48.33,48.33,58.00,53.16,nan,nan,nan,nan,nan,nan,nan,nan,nan,nan
63,"[""Hard Engage"",""Disengage"",""Waveclear"",""Flank""]","[""Jungler""]",Lee Sin,http://ddragon.leagueoflegends.com/cdn/10.22.1/img/champion/LeeSin.png,nan,48.25,nan,nan,nan,nan,nan,nan,nan,nan,48.25,53.08,53.08,53.08,57.90,nan,nan,nan,nan,nan,nan,nan,nan,nan,nan,nan,nan,nan,nan,nan
64,"[Hard Engage"",""Debuff""]","[""Mid""]",Leona,http://ddragon.leagueoflegends.com/cdn/10.22.1/img/champion/Leona.png,nan,nan,nan,nan,51.68,nan,nan,nan,nan,nan,nan,nan,nan,nan,nan,nan,nan,nan,nan,nan,nan,nan,nan,nan,nan,nan,nan,nan,nan,nan
65,"[""Debuff"",""Area of Effect"",""Burst Damage""]","[""Jungler""]",Lillia,http://ddragon.leagueoflegends.com/cdn/10.22.1/img/champion/Lilia.png,nan,50.29,nan,nan,nan,nan,nan,nan,nan,nan,55.32,55.32,50.29,55.32,50.29,nan,nan,nan,nan,nan,nan,nan,nan,nan,nan,nan,nan,nan,nan,nan
66,"[""Hard Engage"",""Debuff,""Area of Effect""]","[""Mid""]",Lissandra,http://ddragon.leagueoflegends.com/cdn/10.22.1/img/champion/Lissandra.png,nan,nan,49.63,nan,nan,nan,nan,nan,nan,nan,nan,nan,nan,nan,nan,54.59,59.56,49.63,49.63,49.63,nan,nan,nan,nan,nan,nan,nan,nan,nan,nan
67,"[""Waveclear""]","[""Top"",""Mid"",""Carry""]",Lucian,http://ddragon.leagueoflegends.com/cdn/10.22.1/img/champion/Lucian.png,48.5,nan,47.67,48.75,nan,48.50,48.50,48.50,48.50,53.35,nan,nan,nan,nan,nan,47.67,47.67,47.67,47.67,52.44,48.75,48.75,48.75,48.75,53.63,nan,nan,nan,nan,nan
68,"[""Debuff"",""Disengage""]","[""Top"",""Support""]",Lulu,http://ddragon.leagueoflegends.com/cdn/10.22.1/img/champion/Lulu.png,51.4,nan,nan,nan,50.69,51.40,56.54,56.54,51.40,56.54,nan,nan,nan,nan,nan,nan,nan,nan,nan,nan,nan,nan,nan,nan,nan,50.69,55.76,55.76,50.69,55.76
69,"[""Poke"",""Waveclear"",""Area of Effect""]","[""Mid"",""Support""]",Lux,http://ddragon.leagueoflegends.com/cdn/10.22.1/img/champion/Lux.png,nan,nan,49.87,nan,49.55,nan,nan,nan,nan,nan,nan,nan,nan,nan,nan,54.86,49.87,54.86,49.87,54.86,nan,nan,nan,nan,nan,54.51,49.55,54.51,49.55,54.51
70,"[""Hard Engage"",""Debuff"",""Area of Effect""]","[""Top"",""Support"",""Mid""]",Malphite,http://ddragon.leagueoflegends.com/cdn/10.22.1/img/champion/Malphite.png,51.26,nan,50.37,nan,44.06,56.39,61.51,51.26,51.26,51.26,nan,nan,nan,nan,nan,55.41,60.44,50.37,50.37,50.37,nan,nan,nan,nan,nan,48.47,52.87,44.06,44.06,44.06
71,"[""Waveclear"",""Debuff"",""Hard Engage"",""Pusher""]","[""Mid""]",Malzahar,http://ddragon.leagueoflegends.com/cdn/10.22.1/img/champion/Malzahar.png,nan,nan,50.3,nan,nan,nan,nan,nan,nan,nan,nan,nan,nan,nan,nan,50.30,60.36,50.30,50.30,60.36,nan,nan,nan,nan,nan,nan,nan,nan,nan,nan
72,"[""Hard Engage"",""Debuff"",""Area of Effect"",""Disengage""]","[""Top"",""Support""]",Maokai,http://ddragon.leagueoflegends.com/cdn/10.22.1/img/champion/Maokai.png,52.45,nan,nan,nan,53.31,57.70,62.94,57.70,52.45,57.70,nan,nan,nan,nan,nan,nan,nan,nan,nan,nan,nan,nan,nan,nan,nan,58.64,63.97,58.64,53.31,58.64
73,"[""Waveclear"",""Pusher"",""Flank""]","[""Top"", ""Jungler""]",Master Yi,http://ddragon.leagueoflegends.com/cdn/10.22.1/img/champion/MasterYi.png,43.43,51.22,nan,nan,nan,43.43,43.43,43.43,47.77,52.12,51.22,51.22,51.22,56.34,61.46,nan,nan,nan,nan,nan,nan,nan,nan,nan,nan,nan,nan,nan,nan,nan
74,"[""Area of Effect""]","[""Carry"",""Support""]",Miss Fortune,http://ddragon.leagueoflegends.com/cdn/10.22.1/img/champion/MissFortune.png,nan,nan,nan,52.52,45.12,nan,nan,nan,nan,nan,nan,nan,nan,nan,nan,nan,nan,nan,nan,nan,57.77,52.52,52.52,52.52,52.52,49.63,45.12,45.12,45.12,45.12
75,"[""Waveclear"",""Debuff"",""Area of Effect"",""Pusher""]","[""Top""]",Mordekaiser,http://ddragon.leagueoflegends.com/cdn/10.22.1/img/champion/Mordekaiser.png,47.75,nan,nan,nan,nan,52.53,52.53,47.75,47.75,57.30,nan,nan,nan,nan,nan,nan,nan,nan,nan,nan,nan,nan,nan,nan,nan,nan,nan,nan,nan,nan
76,"[""Debuff"",""Area of Effect""]","[""Support""]",Morgana,http://ddragon.leagueoflegends.com/cdn/10.22.1/img/champion/Morgana.png,nan,nan,nan,nan,49.17,nan,nan,nan,nan,nan,nan,nan,nan,nan,nan,nan,nan,nan,nan,nan,nan,nan,nan,nan,nan,54.09,54.09,49.17,49.17,49.17
77,"[""Hard Engage"",""Debuff"",""Area of Effect"",""Disengage""]","[""Support""]",Nami,http://ddragon.leagueoflegends.com/cdn/10.22.1/img/champion/Nami.png,nan,nan,nan,nan,49.72,nan,nan,nan,nan,nan,nan,nan,nan,nan,nan,nan,nan,nan,nan,nan,nan,nan,nan,nan,nan,54.69,59.66,54.69,49.72,54.69
78,"[""Pusher"",""Disengage"",""Debuff"",""Area of Effect""]","[""Top""]",Nasus,http://ddragon.leagueoflegends.com/cdn/10.22.1/img/champion/Nasus.png,51.2,nan,nan,nan,nan,56.32,56.32,56.32,51.20,61.44,nan,nan,nan,nan,nan,nan,nan,nan,nan,nan,nan,nan,nan,nan,nan,nan,nan,nan,nan,nan
79,"[""Hard Engage"",""Disengage"",""Debuff"",""Area of Effect""]","[""Support""]",Nautilus,http://ddragon.leagueoflegends.com/cdn/10.22.1/img/champion/Nautilus.png,nan,nan,nan,nan,48.72,nan,nan,nan,nan,nan,nan,nan,nan,nan,nan,nan,nan,nan,nan,nan,nan,nan,nan,nan,nan,53.59,58.46,53.59,48.72,53.59
80,"[""Hard Engage"",""Debuff"",""Disengage""]","[""Mid"",""Support""]",Neeko,http://ddragon.leagueoflegends.com/cdn/10.22.1/img/champion/Neeko.png,nan,nan,51.56,nan,49.39,nan,nan,nan,nan,nan,nan,nan,nan,nan,nan,51.56,61.87,56.72,51.56,56.72,nan,nan,nan,nan,nan,49.39,59.27,54.33,49.39,54.33
81,"[""Burst Damage"",""Flank"",""Poke""]","[""Jungler""]",Nidalee,http://ddragon.leagueoflegends.com/cdn/10.22.1/img/champion/Nidalee.png,nan,48.63,nan,nan,nan,nan,nan,nan,nan,nan,48.63,48.63,53.49,58.36,48.63,nan,nan,nan,nan,nan,nan,nan,nan,nan,nan,nan,nan,nan,nan,nan
82,"[""Hard Engage"",""Debuff"",""Burst Damage""]","[""Jungler"",""Mid""]",Nocturne,http://ddragon.leagueoflegends.com/cdn/10.22.1/img/champion/Nocturne.png,nan,47.59,51.19,nan,nan,nan,nan,nan,nan,nan,47.59,57.11,47.59,52.35,47.59,51.19,61.43,51.19,56.31,51.19,nan,nan,nan,nan,nan,nan,nan,nan,nan,nan
83,"[""Hard Engage"",""Disengage"",""Debuff"",""Area of Effect""]","[""Jungler"",""Mid""]",Nunu,http://ddragon.leagueoflegends.com/cdn/10.22.1/img/champion/Nunu.png,nan,52.67,51.6,nan,nan,nan,nan,nan,nan,nan,57.94,63.20,57.94,52.67,57.94,56.76,61.92,56.76,51.60,56.76,nan,nan,nan,nan,nan,nan,nan,nan,nan,nan
84,"[""Hard Engage"",""Pusher""]","[""Jungler"",""Top""]",Olaf,http://ddragon.leagueoflegends.com/cdn/10.22.1/img/champion/Olaf.png,50.54,52.33,nan,nan,nan,50.54,55.59,50.54,50.54,55.59,52.33,57.56,52.33,52.33,57.56,nan,nan,nan,nan,nan,nan,nan,nan,nan,nan,nan,nan,nan,nan,nan
85,"[""Waveclear"",""Debuff"",""Area of Effect"",""Burst Damage""]","[""Mid""]",Orianna,http://ddragon.leagueoflegends.com/cdn/10.22.1/img/champion/Orianna.png,nan,nan,49.47,nan,nan,nan,nan,nan,nan,nan,nan,nan,nan,nan,nan,54.42,54.42,49.47,54.42,54.42,nan,nan,nan,nan,nan,nan,nan,nan,nan,nan
86,"[""Hard Engage"",""Waveclear"",""Debuff"",""Area of Effect"",""Disengage""]","[""Top""]",Ornn,http://ddragon.leagueoflegends.com/cdn/10.22.1/img/champion/Ornn.png,49.32,nan,nan,nan,nan,54.25,59.18,54.25,49.32,59.18,nan,nan,nan,nan,nan,nan,nan,nan,nan,nan,nan,nan,nan,nan,nan,nan,nan,nan,nan,nan
87,"[""Hard Engage"",""Debuff"",""Area of Effect""]","[""Support""]",Pantheon,http://ddragon.leagueoflegends.com/cdn/10.22.1/img/champion/Pantheon.png,nan,nan,nan,nan,48.92,nan,nan,nan,nan,nan,nan,nan,nan,nan,nan,nan,nan,nan,nan,nan,nan,nan,nan,nan,nan,53.81,58.70,48.92,48.92,48.92
88,"[""Disengage"",""Debuff""]","[""Top"",""Jungler""]",Poppy,http://ddragon.leagueoflegends.com/cdn/10.22.1/img/champion/Poppy.png,51.83,52.44,nan,nan,nan,51.83,57.01,57.01,51.83,57.01,52.44,57.68,57.68,52.44,57.68,nan,nan,nan,nan,nan,nan,nan,nan,nan,nan,nan,nan,nan,nan,nan
89,"[""Flank"",""Debuff"",""Area of Effect"",""Burst Damage""]","[""Mid"",""Support""]",Pyke,http://ddragon.leagueoflegends.com/cdn/10.22.1/img/champion/Pyke.png,nan,nan,50.53,nan,48.56,nan,nan,nan,nan,nan,nan,nan,nan,nan,nan,55.58,55.58,50.53,60.64,50.53,nan,nan,nan,nan,nan,53.42,53.42,48.56,58.27,48.56
90,"[""Burst Damage"",""Waveclear"",""Debuff"",""Flank""]","[""Mid""]",Qiyana,http://ddragon.leagueoflegends.com/cdn/10.22.1/img/champion/Qiyana.png,nan,nan,49.3,nan,nan,nan,nan,nan,nan,nan,nan,nan,nan,nan,nan,49.30,54.23,49.30,59.16,54.23,nan,nan,nan,nan,nan,nan,nan,nan,nan,nan
91,"[""Pusher"",""Burst Damage""]","[""Top""]",Quinn,http://ddragon.leagueoflegends.com/cdn/10.22.1/img/champion/Quinn.png,51.76,nan,nan,nan,nan,51.76,51.76,51.76,56.94,56.94,nan,nan,nan,nan,nan,nan,nan,nan,nan,nan,nan,nan,nan,nan,nan,nan,nan,nan,nan,nan
92,"[""Hard Engage"",""Debuff"",""Area of Effect""]","[""Support""]",Rakan,http://ddragon.leagueoflegends.com/cdn/10.22.1/img/champion/Rakan.png,nan,nan,nan,nan,52.03,nan,nan,nan,nan,nan,nan,nan,nan,nan,nan,nan,nan,nan,nan,nan,nan,nan,nan,nan,nan,57.23,62.44,52.03,52.03,52.03
93,"[""Hard Engage"",""Debuff""]","[""Jungler""]",Rammus,http://ddragon.leagueoflegends.com/cdn/10.22.1/img/champion/Rammus.png,nan,52.18,nan,nan,nan,nan,nan,nan,nan,nan,52.18,62.62,52.18,52.18,52.18,nan,nan,nan,nan,nan,nan,nan,nan,nan,nan,nan,nan,nan,nan,nan
94,"""Debuff"", ""Flank""]","[""Jungler""]",Rek'Sai,http://ddragon.leagueoflegends.com/cdn/10.22.1/img/champion/RekSai.png,nan,52.41,nan,nan,nan,nan,nan,nan,nan,nan,52.41,57.65,52.41,57.65,52.41,nan,nan,nan,nan,nan,nan,nan,nan,nan,nan,nan,nan,nan,nan,nan
95,"[""Area of Effect"",""Pusher""]","[""Top"",""Mid""]",Renekton,http://ddragon.leagueoflegends.com/cdn/10.22.1/img/champion/Renekton.png,49.5,nan,50.14,nan,nan,54.45,49.50,49.50,49.50,54.45,nan,nan,nan,nan,nan,55.15,50.14,50.14,50.14,55.15,nan,nan,nan,nan,nan,nan,nan,nan,nan,nan
96,"[""Burst Damage"",""Flank""]","[""Top"",""Jungler""]",Rengar,http://ddragon.leagueoflegends.com/cdn/10.22.1/img/champion/Rengar.png,49.87,48.81,nan,nan,nan,49.87,49.87,49.87,59.84,49.87,48.81,48.81,48.81,58.57,48.81,nan,nan,nan,nan,nan,nan,nan,nan,nan,nan,nan,nan,nan,nan,nan
97,"[""Burst Damage"",""Debuff""]","[""Top"",""Mid""]",Riven,http://ddragon.leagueoflegends.com/cdn/10.22.1/img/champion/Riven.png,50.07,nan,48.71,nan,nan,50.07,55.08,50.07,55.08,50.07,nan,nan,nan,nan,nan,48.71,53.58,48.71,53.58,48.71,nan,nan,nan,nan,nan,nan,nan,nan,nan,nan
98,"[""Area of Effect"",""Waveclear""]","[""Top"",""Mid""]",Rumble,http://ddragon.leagueoflegends.com/cdn/10.22.1/img/champion/Rumble.png,51.04,nan,52.09,nan,nan,56.14,51.04,51.04,51.04,56.14,nan,nan,nan,nan,nan,57.30,52.09,52.09,52.09,57.30,nan,nan,nan,nan,nan,nan,nan,nan,nan,nan
99,"[""Hard Engage"",""Disengage"",""Waveclear"",""Area of Effect"",""Flank""]","[""Top"",""Mid""]",Ryze,http://ddragon.leagueoflegends.com/cdn/10.22.1/img/champion/Ryze.png,48.22,nan,49.77,nan,nan,53.04,53.04,53.04,53.04,57.86,nan,nan,nan,nan,nan,54.75,54.75,54.75,54.75,59.72,nan,nan,nan,nan,nan,nan,nan,nan,nan,nan
100,"[""Waveclear"",""Area of Effect""]","[""Carry""]",Samira,http://ddragon.leagueoflegends.com/cdn/10.22.1/img/champion/Samira.png,nan,nan,nan,nan,48.77,nan,nan,nan,nan,nan,nan,nan,nan,nan,nan,nan,nan,nan,nan,nan,nan,nan,nan,nan,nan,nan,nan,nan,nan,nan
101,"[""Debuff"",""Area of Effect"",""Hard Engage"",""Disengage""]","[""Jungler""]",Sejuani,http://ddragon.leagueoflegends.com/cdn/10.22.1/img/champion/Sejuani.png,nan,49.88,nan,nan,nan,nan,nan,nan,nan,nan,54.87,59.86,54.87,49.88,54.87,nan,nan,nan,nan,nan,nan,nan,nan,nan,nan,nan,nan,nan,nan,nan
102,"[""Debuff"",""Disengage""]","[""Support"",""Carry""]",Senna,http://ddragon.leagueoflegends.com/cdn/10.22.1/img/champion/Senna.png,nan,nan,nan,49.92,49.05,nan,nan,nan,nan,nan,nan,nan,nan,nan,nan,nan,nan,nan,nan,nan,49.92,54.91,54.91,49.92,54.91,49.05,53.95,53.95,49.05,53.95
103,"[""Hard Engage"",""Disengage"",""Debuff"",""Area of Effect""]","[""Support"",""Mid""]",Seraphine,http://ddragon.leagueoflegends.com/cdn/10.22.1/img/champion/Seraphine.png,nan,nan,48.17,nan,49.5,nan,nan,nan,nan,nan,nan,nan,nan,nan,nan,52.99,57.80,52.99,48.17,52.99,nan,nan,nan,nan,nan,54.45,59.40,54.45,49.50,54.45
104,"[""Hard Engage"",""Disengage"",""Debuff"",""Area of Effect""]","[""Top"",""Support"",""Mid""]",Sett,http://ddragon.leagueoflegends.com/cdn/10.22.1/img/champion/Sett.png,49.64,nan,49.87,nan,46.41,54.60,59.57,54.60,49.64,54.60,nan,nan,nan,nan,nan,54.86,59.84,54.86,49.87,54.86,nan,nan,nan,nan,nan,51.05,55.69,51.05,46.41,51.05
105,"[""Burst Damage"",""Area of Effect"",""Flank"",""Debuff""]","[""Mid"",""Support""]",Shaco,http://ddragon.leagueoflegends.com/cdn/10.22.1/img/champion/Shaco.png,nan,50.97,nan,nan,51.19,nan,nan,nan,nan,nan,nan,nan,nan,nan,nan,nan,nan,nan,nan,nan,nan,nan,nan,nan,nan,56.31,56.31,51.19,61.43,51.19
106,"[""Hard Engage"",""Debuff"",""Area of Effect"",""Pusher""]","[""Top"",""Jungler"",""Support""]",Shen,http://ddragon.leagueoflegends.com/cdn/10.22.1/img/champion/Shen.png,51.15,47.1,nan,nan,48.69,56.27,61.38,51.15,51.15,56.27,51.81,56.52,47.10,47.10,51.81,nan,nan,nan,nan,nan,nan,nan,nan,nan,nan,53.56,58.43,48.69,48.69,53.56
107,"[""Hard Engage"",""Waveclear"",""Flank""]","[""Jungler""]",Shyvana,http://ddragon.leagueoflegends.com/cdn/10.22.1/img/champion/Shyvana.png,nan,51.4,nan,nan,nan,nan,nan,nan,nan,nan,51.40,56.54,51.40,56.54,56.54,nan,nan,nan,nan,nan,nan,nan,nan,nan,nan,nan,nan,nan,nan,nan
108,"[""Debuff"",""Hard Engage"",""Pusher"",""Area of Effect""]","[""Top""]",Singed,http://ddragon.leagueoflegends.com/cdn/10.22.1/img/champion/Singed.png,51.47,nan,nan,nan,nan,56.62,61.76,51.47,51.47,56.62,nan,nan,nan,nan,nan,nan,nan,nan,nan,nan,nan,nan,nan,nan,nan,nan,nan,nan,nan,nan
109,"[""Debuff"",""Hard Engage"",""Pusher"",""Area of Effect""]","[""Top""]",Sion,http://ddragon.leagueoflegends.com/cdn/10.22.1/img/champion/Sion.png,50.9,nan,nan,nan,nan,55.99,61.08,50.90,50.90,55.99,nan,nan,nan,nan,nan,nan,nan,nan,nan,nan,nan,nan,nan,nan,nan,nan,nan,nan,nan,nan
110,"[""Hard Engage"",""Waveclear"",""Disengage""]","[""Carry""]",Sivir,http://ddragon.leagueoflegends.com/cdn/10.22.1/img/champion/Sivir.png,nan,nan,nan,nan,50.57,nan,nan,nan,nan,nan,nan,nan,nan,nan,nan,nan,nan,nan,nan,nan,nan,nan,nan,nan,nan,nan,nan,nan,nan,nan
111,"[""Hard Engage"",""Waveclear""]","[""Jungler""]",Skarner,http://ddragon.leagueoflegends.com/cdn/10.22.1/img/champion/Skarner.png,nan,55.16,nan,nan,nan,nan,nan,nan,nan,nan,55.16,60.68,55.16,55.16,60.68,nan,nan,nan,nan,nan,nan,nan,nan,nan,nan,nan,nan,nan,nan,nan
112,"[""Hard Engage"",""Debuff"",""Area of Effect"",""Disengage"",""Poke""]","[""Support""]",Sona,http://ddragon.leagueoflegends.com/cdn/10.22.1/img/champion/Sona.png,nan,nan,nan,nan,52.48,nan,nan,nan,nan,nan,nan,nan,nan,nan,nan,nan,nan,nan,nan,nan,nan,nan,nan,nan,nan,57.73,62.98,62.98,52.48,57.73
113,"[""Poke"",""Debuff"",""Area of Effect""]","[""Support""]",Soraka,http://ddragon.leagueoflegends.com/cdn/10.22.1/img/champion/Soraka.png,nan,nan,nan,nan,51.64,nan,nan,nan,nan,nan,nan,nan,nan,nan,nan,nan,nan,nan,nan,nan,nan,nan,nan,nan,nan,56.80,56.80,56.80,51.64,51.64
114,"[""Debuff"",""Hard Engage"",""Area of Effect"",""Waveclear""]","[""Support"",""Carry""]",Swain,http://ddragon.leagueoflegends.com/cdn/10.22.1/img/champion/Swain.png,nan,nan,55.17,54.77,50.37,nan,nan,nan,nan,nan,nan,nan,nan,nan,nan,nan,nan,nan,nan,nan,60.25,65.72,54.77,54.77,60.25,55.41,60.44,50.37,50.37,55.41
115,"[""Debuff"",""Hard Engage"",""Pusher"",""Area of Effect"",""Waveclear""]","[""Top"",""Jungler"",""Mid""]",Sylas,http://ddragon.leagueoflegends.com/cdn/10.22.1/img/champion/Sylas.png,nan,47.8,49.2,nan,nan,nan,nan,nan,nan,nan,52.58,57.36,47.80,47.80,57.36,54.12,59.04,49.20,49.20,59.04,nan,nan,nan,nan,nan,nan,nan,nan,nan,nan
116,"[""Debuff"",""Burst Damage"",""Waveclear""]","[""Mid""]",Syndra,http://ddragon.leagueoflegends.com/cdn/10.22.1/img/champion/Syndra.png,nan,nan,47.39,nan,nan,nan,nan,nan,nan,nan,nan,nan,nan,nan,nan,47.39,52.13,47.39,52.13,52.13,nan,nan,nan,nan,nan,nan,nan,nan,nan,nan
117,"[""Disengage"",""Debuff"",""Hard Engage""]","[""Support""]",Tahm Kench,http://ddragon.leagueoflegends.com/cdn/10.22.1/img/champion/TahmKench.png,nan,nan,nan,nan,47.25,nan,nan,nan,nan,nan,nan,nan,nan,nan,nan,nan,nan,nan,nan,nan,nan,nan,nan,nan,nan,47.25,56.70,51.98,47.25,51.98
118,"[""Area of Effect"",""Debuff"",""Flank""]","[""Jungler""]",Taliyah,http://ddragon.leagueoflegends.com/cdn/10.22.1/img/champion/Taliyah.png,nan,48.48,nan,nan,nan,nan,nan,nan,nan,nan,53.33,53.33,48.48,53.33,48.48,nan,nan,nan,nan,nan,nan,nan,nan,nan,nan,nan,nan,nan,nan,nan
119,"[""Burst Damage"",""Flank""]","[""Mid""]",Talon,http://ddragon.leagueoflegends.com/cdn/10.22.1/img/champion/Talon.png,nan,nan,51.64,nan,nan,nan,nan,nan,nan,nan,nan,nan,nan,nan,nan,51.64,51.64,51.64,61.97,51.64,nan,nan,nan,nan,nan,nan,nan,nan,nan,nan
120,"[""Disengage"",""Debuff"",""Area of Effect""]","[""Support""]",Taric,http://ddragon.leagueoflegends.com/cdn/10.22.1/img/champion/Taric.png,nan,nan,nan,nan,52.39,nan,nan,nan,nan,nan,nan,nan,nan,nan,nan,nan,nan,nan,nan,nan,nan,nan,nan,nan,nan,57.63,57.63,57.63,52.39,57.63
121,"[""Debuff"",""Area of Effect"",""Flank""]","[""Top""]",Teemo,http://ddragon.leagueoflegends.com/cdn/10.22.1/img/champion/Teemo.png,50.8,nan,nan,nan,nan,55.88,55.88,50.80,55.88,50.80,nan,nan,nan,nan,nan,nan,nan,nan,nan,nan,nan,nan,nan,nan,nan,nan,nan,nan,nan,nan
122,"[""Debuff"",""Disengage"",""Hard Engage"",""Area of Effect""]","[""Support""]",Thresh,http://ddragon.leagueoflegends.com/cdn/10.22.1/img/champion/Thresh.png,nan,nan,nan,nan,49.0,nan,nan,nan,nan,nan,nan,nan,nan,nan,nan,nan,nan,nan,nan,nan,nan,nan,nan,nan,nan,53.90,58.80,53.90,49.00,53.90
123,"[""Disengage"",""Area of Effect"",""Waveclear""]","[""Carry""]",Tristana,http://ddragon.leagueoflegends.com/cdn/10.22.1/img/champion/Tristana.png,nan,nan,nan,50.48,nan,nan,nan,nan,nan,nan,nan,nan,nan,nan,nan,nan,nan,nan,nan,nan,55.53,50.48,55.53,50.48,60.58,nan,nan,nan,nan,nan
124,"[""Disengage"",""Debuff""]",[],Trundle,http://ddragon.leagueoflegends.com/cdn/10.22.1/img/champion/Trundle.png,nan,nan,nan,nan,nan,nan,nan,nan,nan,nan,nan,nan,nan,nan,nan,nan,nan,nan,nan,nan,nan,nan,nan,nan,nan,nan,nan,nan,nan,nan
125,"[""Pusher""]","[""Top""]",Tryndamere,http://ddragon.leagueoflegends.com/cdn/10.22.1/img/champion/Tryndamere.png,49.36,nan,nan,nan,nan,49.36,49.36,49.36,49.36,54.30,nan,nan,nan,nan,nan,nan,nan,nan,nan,nan,nan,nan,nan,nan,nan,nan,nan,nan,nan,nan
126,"[""Debuff"",""Pusher"",""Waveclear""]","[""Mid""]",Twisted Fate,http://ddragon.leagueoflegends.com/cdn/10.22.1/img/champion/TwistedFate.png,nan,nan,48.27,nan,nan,nan,nan,nan,nan,nan,nan,nan,nan,nan,nan,48.27,53.10,48.27,48.27,57.92,nan,nan,nan,nan,nan,nan,nan,nan,nan,nan
127,"[""Burst Damage"",""Flank""]","[""Carry""]",Twitch,http://ddragon.leagueoflegends.com/cdn/10.22.1/img/champion/Twitch.png,nan,nan,nan,50.46,nan,nan,nan,nan,nan,nan,nan,nan,nan,nan,nan,nan,nan,nan,nan,nan,50.46,50.46,50.46,60.55,50.46,nan,nan,nan,nan,nan
128,"[""Debuff"",""Pusher"",""Waveclear""]","[""Jungler""]",Udyr,http://ddragon.leagueoflegends.com/cdn/10.22.1/img/champion/Udyr.png,nan,50.63,nan,nan,nan,nan,nan,nan,nan,nan,50.63,55.69,50.63,50.63,60.76,nan,nan,nan,nan,nan,nan,nan,nan,nan,nan,nan,nan,nan,nan,nan
129,"[""Debuff"",""Pusher""]","[""Top""]",Urgot,http://ddragon.leagueoflegends.com/cdn/10.22.1/img/champion/Urgot.png,51.19,nan,nan,nan,nan,51.19,56.31,51.19,51.19,56.31,nan,nan,nan,nan,nan,nan,nan,nan,nan,nan,nan,nan,nan,nan,nan,nan,nan,nan,nan,nan
130,"[""Debuff"",""Hard Engage"",""Disengage"",""Poke""]","[""Carry""]",Varus,http://ddragon.leagueoflegends.com/cdn/10.22.1/img/champion/Varus.png,nan,nan,nan,nan,48.17,nan,nan,nan,nan,nan,nan,nan,nan,nan,nan,nan,nan,nan,nan,nan,nan,nan,nan,nan,nan,nan,nan,nan,nan,nan
131,"[""Flank""]","[""Top"",""Carry""]",Vayne,http://ddragon.leagueoflegends.com/cdn/10.22.1/img/champion/Vayne.png,50.28,nan,nan,nan,50.15,50.28,50.28,50.28,55.31,50.28,nan,nan,nan,nan,nan,nan,nan,nan,nan,nan,nan,nan,nan,nan,nan,nan,nan,nan,nan,nan
132,"[""Hard Engage"",""Debuff"",""Disengage"",""Area of Effect"",""Burst Damage""]","[""Mid"",""Support""]",Veigar,http://ddragon.leagueoflegends.com/cdn/10.22.1/img/champion/Veigar.png,nan,nan,51.06,nan,49.07,nan,nan,nan,nan,nan,nan,nan,nan,nan,nan,56.17,61.27,56.17,56.17,56.17,nan,nan,nan,nan,nan,53.98,58.88,53.98,53.98,53.98
133,"[""Poke"",""Debuff"",""Waveclear"",""Area of Effect"",""Burst Damage""]","[""Mid"",""Support""]",VelKoz,http://ddragon.leagueoflegends.com/cdn/10.22.1/img/champion/VelKoz.png,nan,nan,49.84,nan,50.44,nan,nan,nan,nan,nan,nan,nan,nan,nan,nan,54.82,54.82,54.82,54.82,54.82,nan,nan,nan,nan,nan,55.48,55.48,55.48,55.48,55.48
134,"[""Hard Engage"",""Debuff""]","[""Jungler""]",Vi,http://ddragon.leagueoflegends.com/cdn/10.22.1/img/champion/Vi.png,nan,52.49,nan,nan,nan,nan,nan,nan,nan,nan,52.49,62.99,52.49,52.49,52.49,nan,nan,nan,nan,nan,nan,nan,nan,nan,nan,nan,nan,nan,nan,nan
135,"[""Area of Effect"",""Debuff"",""Burst Damage""]","[""Mid""]",Viktor,http://ddragon.leagueoflegends.com/cdn/10.22.1/img/champion/Viktor.png,nan,nan,48.96,nan,nan,nan,nan,nan,nan,nan,nan,nan,nan,nan,nan,53.86,53.86,48.96,53.86,48.96,nan,nan,nan,nan,nan,nan,nan,nan,nan,nan
136,"[""Burst Damage"",""Waveclear"",""Area of Effect"",""Flank""]","[""Top"",""Mid""]",Vladimir,http://ddragon.leagueoflegends.com/cdn/10.22.1/img/champion/Vladimir.png,50.44,nan,50.25,nan,nan,55.48,50.44,50.44,60.53,55.48,nan,nan,nan,nan,nan,55.28,50.25,50.25,60.30,55.28,nan,nan,nan,nan,nan,nan,nan,nan,nan,nan
137,"[""Pusher"",""Waveclear"",""Area of Effect"",""Debuff"",""Hard Engage""]","[""Top"",""Jungler""]",Volibear,http://ddragon.leagueoflegends.com/cdn/10.22.1/img/champion/Volibear.png,52.0,50.42,nan,nan,nan,57.20,62.40,52.00,52.00,62.40,55.46,60.50,50.42,50.42,60.50,nan,nan,nan,nan,nan,nan,nan,nan,nan,nan,nan,nan,nan,nan,nan
138,"[""Debuff"",""Area of Effect""]","[""Top"",""Jungler""]",Warwick,http://ddragon.leagueoflegends.com/cdn/10.22.1/img/champion/Warwick.png,48.48,52.09,nan,nan,nan,53.33,53.33,48.48,48.48,48.48,57.30,57.30,52.09,52.09,52.09,nan,nan,nan,nan,nan,nan,nan,nan,nan,nan,nan,nan,nan,nan,nan
139,"[""Area of Effect"",""Debuff"",""Hard Engage"",""Pusher"",""Flank""]","[""Top"",""Jungler""]",Wukong,http://ddragon.leagueoflegends.com/cdn/10.22.1/img/champion/MonkeyKing.png,51.58,51.36,nan,nan,nan,56.74,61.90,51.58,56.74,56.74,56.50,61.63,51.36,56.50,56.50,nan,nan,nan,nan,nan,nan,nan,nan,nan,nan,nan,nan,nan,nan,nan
140,"[""Debuff"",""Disengage""]","[""Carry""]",Xayah,http://ddragon.leagueoflegends.com/cdn/10.22.1/img/champion/Xayah.png,nan,nan,nan,48.98,nan,nan,nan,nan,nan,nan,nan,nan,nan,nan,nan,nan,nan,nan,nan,nan,48.98,53.88,53.88,48.98,53.88,nan,nan,nan,nan,nan
141,"[""Waveclear"",""Poke"",""Debuff"",""Area of Effect""]","[""Mid"",""Support""]",Xerath,http://ddragon.leagueoflegends.com/cdn/10.22.1/img/champion/Xerath.png,nan,nan,49.17,nan,48.86,nan,nan,nan,nan,nan,nan,nan,nan,nan,nan,54.09,54.09,54.09,49.17,54.09,nan,nan,nan,nan,nan,53.75,53.75,53.75,48.86,53.75
142,"[""Debuff"",""Flank""]","[""Jungler""]",Xin Zhao,http://ddragon.leagueoflegends.com/cdn/10.22.1/img/champion/XinZhao.png,nan,50.17,nan,nan,nan,nan,nan,nan,nan,nan,50.17,55.19,50.17,55.19,50.17,nan,nan,nan,nan,nan,nan,nan,nan,nan,nan,nan,nan,nan,nan,nan
143,"[""Waveclear"",""Pusher"",""Burst Damage""]","[""Mid"",""Top"",""Carry""]",Yasuo,http://ddragon.leagueoflegends.com/cdn/10.22.1/img/champion/Yasuo.png,48.97,nan,50.26,nan,49.36,48.97,48.97,48.97,53.87,58.76,nan,nan,nan,nan,nan,50.26,50.26,50.26,55.29,60.31,nan,nan,nan,nan,nan,nan,nan,nan,nan,nan
144,"[""Waveclear"",""Pusher"",""Burst Damage""]","[""Mid"",""Top""]",Yone,http://ddragon.leagueoflegends.com/cdn/10.22.1/img/champion/Yone.png,48.41,nan,49.69,nan,nan,48.41,48.41,48.41,53.25,58.09,nan,nan,nan,nan,nan,49.69,49.69,49.69,54.66,59.63,nan,nan,nan,nan,nan,nan,nan,nan,nan,nan
145,"[""Pusher"",""Debuff""]","[""Top""]",Yorick,http://ddragon.leagueoflegends.com/cdn/10.22.1/img/champion/Yorick.png,50.41,nan,nan,nan,nan,50.41,55.45,50.41,50.41,55.45,nan,nan,nan,nan,nan,nan,nan,nan,nan,nan,nan,nan,nan,nan,nan,nan,nan,nan,nan,nan
146,"[""Poke"",""Debuff"",""Disengage"",""Hard Engage"",""Area of Effect""]","[""Support""]",Yuumi,http://ddragon.leagueoflegends.com/cdn/10.22.1/img/champion/Yuumi.png,nan,nan,nan,nan,50.19,nan,nan,nan,nan,nan,nan,nan,nan,nan,nan,nan,nan,nan,nan,nan,nan,nan,nan,nan,nan,55.21,60.23,60.23,50.19,55.21
147,"[""Debuff"",""Disengage"",""Hard Engage"",""Area of Effect""]","[""Top"",""Jungler"",""Support""]",Zac,http://ddragon.leagueoflegends.com/cdn/10.22.1/img/champion/Zac.png,49.82,51.56,nan,nan,48.75,54.80,59.78,54.80,49.82,54.80,56.72,61.87,56.72,51.56,56.72,nan,nan,nan,nan,nan,nan,nan,nan,nan,nan,53.63,58.50,53.63,48.75,53.63
148,"[""Pusher"",""Burst Damage"",""Flank""]","[""Mid""]",Zed,http://ddragon.leagueoflegends.com/cdn/10.22.1/img/champion/Zed.png,nan,nan,50.85,nan,nan,nan,nan,nan,nan,nan,nan,nan,nan,nan,nan,50.85,50.85,50.85,61.02,55.94,nan,nan,nan,nan,nan,nan,nan,nan,nan,nan
149,"[""Poke"",""Waveclear"",""Area of Effect""]","[""Mid""]",Ziggs,http://ddragon.leagueoflegends.com/cdn/10.22.1/img/champion/Ziggs.png,nan,nan,37.01,nan,nan,nan,nan,nan,nan,nan,nan,nan,nan,nan,nan,40.71,37.01,40.71,37.01,40.71,nan,nan,nan,nan,nan,nan,nan,nan,nan,nan
150,"[""Waveclear"",""Debuff"",""Poke"",""Area of Effect""]","[""Support"",""Mid""]",Zilean,http://ddragon.leagueoflegends.com/cdn/10.22.1/img/champion/Zilean.png,nan,nan,52.79,nan,51.51,nan,nan,nan,nan,nan,nan,nan,nan,nan,nan,58.07,58.07,58.07,52.79,58.07,nan,nan,nan,nan,nan,56.66,56.66,56.66,51.51,56.66
151,"[""Debuff"",""Poke"",""Burst Damage"",""Flank""]","[""Mid""]",Zoe,http://ddragon.leagueoflegends.com/cdn/10.22.1/img/champion/Zoe.png,nan,nan,49.33,nan,nan,nan,nan,nan,nan,nan,nan,nan,nan,nan,nan,49.33,54.26,54.26,59.20,49.33,nan,nan,nan,nan,nan,nan,nan,nan,nan,nan
152,"[""Waveclear"",""Debuff"",""Poke"",""Area of Effect""]","[""Support""]",Zyra,http://ddragon.leagueoflegends.com/cdn/10.22.1/img/champion/Zyra.png,nan,nan,nan,nan,50.68,nan,nan,nan,nan,nan,nan,nan,nan,nan,nan,nan,nan,nan,nan,nan,nan,nan,nan,nan,nan,55.75,55.75,55.75,50.68,55.75
